,Atoms,Step,Temp,PotEng,KinEng,Press,Volume,Density,TotEng,c_pern,c_kern
0,72.0,0.0,0.0,-8925.6882,0.0,16.558383,884736.0,0.001127116,-8925.6882,-8925.6882,0.0
1,72.0,0.0,0.0,-8961.3195,0.0,-53.860622,884736.0,0.001127116,-8961.3195,-8961.3195,0.0
2,72.0,0.0,0.0,-8885.0639,0.0,-86.611659,884736.0,0.001127116,-8885.0639,-8885.0639,0.0
3,72.0,0.0,0.0,-8870.4708,0.0,20.5412,884736.0,0.001127116,-8870.4708,-8870.4708,0.0
4,72.0,0.0,0.0,-8924.3465,0.0,-30.953018,884736.0,0.001127116,-8924.3465,-8924.3465,0.0
5,72.0,0.0,0.0,-8925.2031,0.0,-20.63479,884736.0,0.001127116,-8925.2031,-8925.2031,0.0
6,72.0,0.0,0.0,-8908.4298,0.0,-24.471439,884736.0,0.001127116,-8908.4298,-8908.4298,0.0
7,72.0,0.0,0.0,-8933.2503,0.0,-18.148168,884736.0,0.001127116,-8933.2503,-8933.2503,0.0
8,72.0,0.0,0.0,-8985.5865,0.0,-22.877029,884736.0,0.001127116,-8985.5865,-8985.5865,0.0
9,72.0,0.0,0.0,-8974.7821,0.0,-10.921203,884736.0,0.001127116,-8974.7821,-8974.7821,0.0
10,72.0,0.0,0.0,-8995.9702,0.0,-33.581653,884736.0,0.001127116,-8995.9702,-8995.9702,0.0
11,72.0,0.0,0.0,-8922.7667,0.0,-33.604897,884736.0,0.001127116,-8922.7667,-8922.7667,0.0
12,72.0,0.0,0.0,-8984.5639,0.0,-16.243875,884736.0,0.001127116,-8984.5639,-8984.5639,0.0
13,72.0,0.0,0.0,-8947.8042,0.0,-26.463342,884736.0,0.001127116,-8947.8042,-8947.8042,0.0
14,72.0,0.0,0.0,-8974.1824,0.0,-39.675172,884736.0,0.001127116,-8974.1824,-8974.1824,0.0
15,72.0,0.0,0.0,-8920.702,0.0,-69.879263,884736.0,0.001127116,-8920.702,-8920.702,0.0
16,72.0,0.0,0.0,-8994.4227,0.0,-16.21649,884736.0,0.001127116,-8994.4227,-8994.4227,0.0
17,72.0,0.0,0.0,-8923.0156,0.0,-16.593861,884736.0,0.001127116,-8923.0156,-8923.0156,0.0
18,72.0,0.0,0.0,-9001.6146,0.0,-23.125819,884736.0,0.001127116,-9001.6146,-9001.6146,0.0
19,72.0,0.0,0.0,-8889.2185,0.0,-14.742067,884736.0,0.001127116,-8889.2185,-8889.2185,0.0
20,72.0,0.0,0.0,-8925.9806,0.0,-32.266589,884736.0,0.001127116,-8925.9806,-8925.9806,0.0
21,72.0,0.0,0.0,-8908.7044,0.0,-9.9127809,884736.0,0.001127116,-8908.7044,-8908.7044,0.0
22,72.0,0.0,0.0,-8929.585,0.0,-70.804505,884736.0,0.001127116,-8929.585,-8929.585,0.0
23,72.0,0.0,0.0,-8902.458,0.0,-8.4704118,884736.0,0.001127116,-8902.458,-8902.458,0.0
24,72.0,0.0,0.0,-8946.7799,0.0,-38.728368,884736.0,0.001127116,-8946.7799,-8946.7799,0.0
25,72.0,0.0,0.0,-8949.0914,0.0,-2.9895421,884736.0,0.001127116,-8949.0914,-8949.0914,0.0
26,72.0,0.0,0.0,-8948.4604,0.0,-45.701371,884736.0,0.001127116,-8948.4604,-8948.4604,0.0
27,72.0,0.0,0.0,-8986.2163,0.0,-35.837577,884736.0,0.001127116,-8986.2163,-8986.2163,0.0
28,72.0,0.0,0.0,-8963.5814,0.0,8.1865507,884736.0,0.001127116,-8963.5814,-8963.5814,0.0
29,72.0,0.0,0.0,-8919.7894,0.0,-34.790999,884736.0,0.001127116,-8919.7894,-8919.7894,0.0
30,72.0,0.0,0.0,-8902.6229,0.0,-69.713538,884736.0,0.001127116,-8902.6229,-8902.6229,0.0
31,72.0,0.0,0.0,-8923.9202,0.0,-0.46969476,884736.0,0.001127116,-8923.9202,-8923.9202,0.0
32,72.0,0.0,0.0,-8949.7926,0.0,-5.1946879,884736.0,0.001127116,-8949.7926,-8949.7926,0.0
33,72.0,0.0,0.0,-8954.337,0.0,-53.896516,884736.0,0.001127116,-8954.337,-8954.337,0.0
34,72.0,0.0,0.0,-8954.7049,0.0,-5.9754059,884736.0,0.001127116,-8954.7049,-8954.7049,0.0
35,72.0,0.0,0.0,-8929.8935,0.0,-41.185189,884736.0,0.001127116,-8929.8935,-8929.8935,0.0
36,72.0,0.0,0.0,-8955.448,0.0,-49.184306,884736.0,0.001127116,-8955.448,-8955.448,0.0
37,72.0,0.0,0.0,-8968.3949,0.0,-27.419828,884736.0,0.001127116,-8968.3949,-8968.3949,0.0
38,72.0,0.0,0.0,-8971.9003,0.0,-22.40405,884736.0,0.001127116,-8971.9003,-8971.9003,0.0
39,72.0,0.0,0.0,-9003.3588,0.0,-35.752211,884736.0,0.001127116,-9003.3588,-9003.3588,0.0
40,72.0,0.0,0.0,-9032.103,0.0,-27.097975,884736.0,0.001127116,-9032.103,-9032.103,0.0
41,72.0,0.0,0.0,-8951.8682,0.0,-39.915526,884736.0,0.001127116,-8951.8682,-8951.8682,0.0
42,72.0,0.0,0.0,-8974.0841,0.0,3.5824232,884736.0,0.001127116,-8974.0841,-8974.0841,0.0
43,72.0,0.0,0.0,-8951.9151,0.0,-29.629135,884736.0,0.001127116,-8951.9151,-8951.9151,0.0
44,72.0,0.0,0.0,-8955.3244,0.0,-5.0402269,884736.0,0.001127116,-8955.3244,-8955.3244,0.0
45,72.0,0.0,0.0,-8931.4635,0.0,25.518038,884736.0,0.001127116,-8931.4635,-8931.4635,0.0
46,72.0,0.0,0.0,-8928.3435,0.0,-4.2359583,884736.0,0.001127116,-8928.3435,-8928.3435,0.0
47,72.0,0.0,0.0,-8935.3622,0.0,-22.123888,884736.0,0.001127116,-8935.3622,-8935.3622,0.0
48,72.0,0.0,0.0,-9005.2506,0.0,-57.069844,884736.0,0.001127116,-9005.2506,-9005.2506,0.0
49,72.0,0.0,0.0,-8964.0016,0.0,-49.515243,884736.0,0.001127116,-8964.0016,-8964.0016,0.0
50,72.0,0.0,0.0,-8959.8725,0.0,-46.640989,884736.0,0.001127116,-8959.8725,-8959.8725,0.0
51,72.0,0.0,0.0,-8971.1211,0.0,-25.665208,884736.0,0.001127116,-8971.1211,-8971.1211,0.0
52,72.0,0.0,0.0,-8975.1789,0.0,-28.165578,884736.0,0.001127116,-8975.1789,-8975.1789,0.0
53,72.0,0.0,0.0,-8914.5791,0.0,-41.953978,884736.0,0.001127116,-8914.5791,-8914.5791,0.0
54,72.0,0.0,0.0,-8974.9395,0.0,4.7190596,884736.0,0.001127116,-8974.9395,-8974.9395,0.0
55,72.0,0.0,0.0,-8975.4033,0.0,-38.822755,884736.0,0.001127116,-8975.4033,-8975.4033,0.0
56,72.0,0.0,0.0,-8907.2605,0.0,-15.196486,884736.0,0.001127116,-8907.2605,-8907.2605,0.0
57,72.0,0.0,0.0,-8909.0565,0.0,35.181239,884736.0,0.001127116,-8909.0565,-8909.0565,0.0
58,72.0,0.0,0.0,-8909.8957,0.0,-35.32794,884736.0,0.001127116,-8909.8957,-8909.8957,0.0
59,72.0,0.0,0.0,-8954.3131,0.0,-42.951146,884736.0,0.001127116,-8954.3131,-8954.3131,0.0
60,72.0,0.0,0.0,-8956.3815,0.0,-26.660919,884736.0,0.001127116,-8956.3815,-8956.3815,0.0
61,72.0,0.0,0.0,-8977.0493,0.0,8.657044,884736.0,0.001127116,-8977.0493,-8977.0493,0.0
62,72.0,0.0,0.0,-8883.819,0.0,-32.285773,884736.0,0.001127116,-8883.819,-8883.819,0.0
63,72.0,0.0,0.0,-8980.4507,0.0,25.913675,884736.0,0.001127116,-8980.4507,-8980.4507,0.0
64,72.0,0.0,0.0,-8895.4314,0.0,-34.215544,884736.0,0.001127116,-8895.4314,-8895.4314,0.0
65,72.0,0.0,0.0,-8968.6018,0.0,-19.430557,884736.0,0.001127116,-8968.6018,-8968.6018,0.0
66,72.0,0.0,0.0,-8958.6382,0.0,-68.634044,884736.0,0.001127116,-8958.6382,-8958.6382,0.0
67,72.0,0.0,0.0,-8938.7848,0.0,48.039281,884736.0,0.001127116,-8938.7848,-8938.7848,0.0
68,72.0,0.0,0.0,-8885.5499,0.0,-46.257523,884736.0,0.001127116,-8885.5499,-8885.5499,0.0
69,72.0,0.0,0.0,-8942.1952,0.0,-53.062984,884736.0,0.001127116,-8942.1952,-8942.1952,0.0
70,72.0,0.0,0.0,-8942.4297,0.0,-54.277425,884736.0,0.001127116,-8942.4297,-8942.4297,0.0
71,72.0,0.0,0.0,-8917.8194,0.0,-7.1726136,884736.0,0.001127116,-8917.8194,-8917.8194,0.0
72,72.0,0.0,0.0,-8912.1096,0.0,-18.615134,884736.0,0.001127116,-8912.1096,-8912.1096,0.0
73,72.0,0.0,0.0,-8943.5037,0.0,18.73288,884736.0,0.001127116,-8943.5037,-8943.5037,0.0
74,72.0,0.0,0.0,-8956.32,0.0,22.099426,884736.0,0.001127116,-8956.32,-8956.32,0.0
75,72.0,0.0,0.0,-8922.9819,0.0,-70.698236,884736.0,0.001127116,-8922.9819,-8922.9819,0.0
76,72.0,0.0,0.0,-8902.4894,0.0,-3.0124883,884736.0,0.001127116,-8902.4894,-8902.4894,0.0
77,72.0,0.0,0.0,-8964.5732,0.0,-41.367988,884736.0,0.001127116,-8964.5732,-8964.5732,0.0
78,72.0,0.0,0.0,-8941.3587,0.0,5.5570132,884736.0,0.001127116,-8941.3587,-8941.3587,0.0
79,72.0,0.0,0.0,-8892.0037,0.0,-31.201983,884736.0,0.001127116,-8892.0037,-8892.0037,0.0
80,72.0,0.0,0.0,-8923.6852,0.0,-58.589964,884736.0,0.001127116,-8923.6852,-8923.6852,0.0
81,72.0,0.0,0.0,-8953.2045,0.0,-29.488682,884736.0,0.001127116,-8953.2045,-8953.2045,0.0
82,72.0,0.0,0.0,-8905.665,0.0,-19.108649,884736.0,0.001127116,-8905.665,-8905.665,0.0
83,72.0,0.0,0.0,-8965.7721,0.0,3.3143472,884736.0,0.001127116,-8965.7721,-8965.7721,0.0
84,72.0,0.0,0.0,-8938.1643,0.0,9.8421215,884736.0,0.001127116,-8938.1643,-8938.1643,0.0
85,72.0,0.0,0.0,-8952.1006,0.0,-77.932396,884736.0,0.001127116,-8952.1006,-8952.1006,0.0
86,72.0,0.0,0.0,-8936.9521,0.0,-26.656461,884736.0,0.001127116,-8936.9521,-8936.9521,0.0
87,72.0,0.0,0.0,-8893.4348,0.0,-34.700759,884736.0,0.001127116,-8893.4348,-8893.4348,0.0
88,72.0,0.0,0.0,-8929.8378,0.0,-18.868411,884736.0,0.001127116,-8929.8378,-8929.8378,0.0
89,72.0,0.0,0.0,-8949.8373,0.0,-31.08809,884736.0,0.001127116,-8949.8373,-8949.8373,0.0
90,72.0,0.0,0.0,-8951.1155,0.0,-32.633631,884736.0,0.001127116,-8951.1155,-8951.1155,0.0
91,72.0,0.0,0.0,-8894.809,0.0,-41.254576,884736.0,0.001127116,-8894.809,-8894.809,0.0
92,72.0,0.0,0.0,-9015.4463,0.0,1.0195289,884736.0,0.001127116,-9015.4463,-9015.4463,0.0
93,72.0,0.0,0.0,-8992.6552,0.0,16.014538,884736.0,0.001127116,-8992.6552,-8992.6552,0.0
94,72.0,0.0,0.0,-8926.3291,0.0,0.12650163,884736.0,0.001127116,-8926.3291,-8926.3291,0.0
95,72.0,0.0,0.0,-8933.3239,0.0,-6.305043,884736.0,0.001127116,-8933.3239,-8933.3239,0.0
96,72.0,0.0,0.0,-8963.738,0.0,-46.013546,884736.0,0.001127116,-8963.738,-8963.738,0.0
97,72.0,0.0,0.0,-8953.1788,0.0,-40.155338,884736.0,0.001127116,-8953.1788,-8953.1788,0.0
98,72.0,0.0,0.0,-8953.9325,0.0,21.786658,884736.0,0.001127116,-8953.9325,-8953.9325,0.0
99,72.0,0.0,0.0,-8965.8496,0.0,-31.860094,884736.0,0.001127116,-8965.8496,-8965.8496,0.0
100,72.0,0.0,0.0,-8977.148,0.0,1.5914894,884736.0,0.001127116,-8977.148,-8977.148,0.0
101,72.0,0.0,0.0,-8931.7157,0.0,-53.011633,884736.0,0.001127116,-8931.7157,-8931.7157,0.0
102,72.0,0.0,0.0,-8997.9564,0.0,-44.874058,884736.0,0.001127116,-8997.9564,-8997.9564,0.0
103,72.0,0.0,0.0,-8996.337,0.0,-50.63088,884736.0,0.001127116,-8996.337,-8996.337,0.0
104,72.0,0.0,0.0,-8927.4174,0.0,-19.178627,884736.0,0.001127116,-8927.4174,-8927.4174,0.0
105,72.0,0.0,0.0,-8937.0251,0.0,1.3030607,884736.0,0.001127116,-8937.0251,-8937.0251,0.0
106,72.0,0.0,0.0,-8953.4896,0.0,-19.057709,884736.0,0.001127116,-8953.4896,-8953.4896,0.0
107,72.0,0.0,0.0,-8947.0357,0.0,-16.473137,884736.0,0.001127116,-8947.0357,-8947.0357,0.0
108,72.0,0.0,0.0,-8914.3323,0.0,-15.742239,884736.0,0.001127116,-8914.3323,-8914.3323,0.0
109,72.0,0.0,0.0,-8991.4236,0.0,-42.601039,884736.0,0.001127116,-8991.4236,-8991.4236,0.0
110,72.0,0.0,0.0,-8971.4045,0.0,-43.867244,884736.0,0.001127116,-8971.4045,-8971.4045,0.0
111,72.0,0.0,0.0,-8962.3961,0.0,-15.858047,884736.0,0.001127116,-8962.3961,-8962.3961,0.0
112,72.0,0.0,0.0,-8959.7163,0.0,-28.565678,884736.0,0.001127116,-8959.7163,-8959.7163,0.0
113,72.0,0.0,0.0,-8921.4469,0.0,-26.583176,884736.0,0.001127116,-8921.4469,-8921.4469,0.0
114,72.0,0.0,0.0,-8893.2225,0.0,-35.93823,884736.0,0.001127116,-8893.2225,-8893.2225,0.0
115,72.0,0.0,0.0,-8927.8673,0.0,-63.207377,884736.0,0.001127116,-8927.8673,-8927.8673,0.0
116,72.0,0.0,0.0,-9001.6404,0.0,-25.153438,884736.0,0.001127116,-9001.6404,-9001.6404,0.0
117,72.0,0.0,0.0,-8955.9988,0.0,-58.875978,884736.0,0.001127116,-8955.9988,-8955.9988,0.0
118,72.0,0.0,0.0,-8933.2703,0.0,-41.941556,884736.0,0.001127116,-8933.2703,-8933.2703,0.0
119,72.0,0.0,0.0,-8939.5313,0.0,-45.414854,884736.0,0.001127116,-8939.5313,-8939.5313,0.0
120,72.0,0.0,0.0,-8927.2924,0.0,49.922034,884736.0,0.001127116,-8927.2924,-8927.2924,0.0
121,72.0,0.0,0.0,-8989.6038,0.0,-17.382593,884736.0,0.001127116,-8989.6038,-8989.6038,0.0
122,72.0,0.0,0.0,-8978.5079,0.0,-53.925618,884736.0,0.001127116,-8978.5079,-8978.5079,0.0
123,72.0,0.0,0.0,-8993.0528,0.0,-50.883038,884736.0,0.001127116,-8993.0528,-8993.0528,0.0
124,72.0,0.0,0.0,-8904.7509,0.0,-90.63334,884736.0,0.001127116,-8904.7509,-8904.7509,0.0
125,72.0,0.0,0.0,-8904.7943,0.0,-12.591898,884736.0,0.001127116,-8904.7943,-8904.7943,0.0
126,72.0,0.0,0.0,-9013.4158,0.0,-80.960157,884736.0,0.001127116,-9013.4158,-9013.4158,0.0
127,72.0,0.0,0.0,-8919.9776,0.0,-33.817676,884736.0,0.001127116,-8919.9776,-8919.9776,0.0
128,72.0,0.0,0.0,-8962.3864,0.0,16.274413,884736.0,0.001127116,-8962.3864,-8962.3864,0.0
129,72.0,0.0,0.0,-8928.1477,0.0,20.041583,884736.0,0.001127116,-8928.1477,-8928.1477,0.0
130,72.0,0.0,0.0,-8943.731,0.0,-80.466691,884736.0,0.001127116,-8943.731,-8943.731,0.0
131,72.0,0.0,0.0,-8988.3403,0.0,-23.707243,884736.0,0.001127116,-8988.3403,-8988.3403,0.0
132,72.0,0.0,0.0,-8959.7265,0.0,-13.236995,884736.0,0.001127116,-8959.7265,-8959.7265,0.0
133,72.0,0.0,0.0,-8949.5446,0.0,-4.7476461,884736.0,0.001127116,-8949.5446,-8949.5446,0.0
134,72.0,0.0,0.0,-8988.7829,0.0,-37.994883,884736.0,0.001127116,-8988.7829,-8988.7829,0.0
135,72.0,0.0,0.0,-8899.4662,0.0,-34.15226,884736.0,0.001127116,-8899.4662,-8899.4662,0.0
136,72.0,0.0,0.0,-8928.441,0.0,-15.040314,884736.0,0.001127116,-8928.441,-8928.441,0.0
137,72.0,0.0,0.0,-8927.9241,0.0,-32.211488,884736.0,0.001127116,-8927.9241,-8927.9241,0.0
138,72.0,0.0,0.0,-8970.182,0.0,14.37038,884736.0,0.001127116,-8970.182,-8970.182,0.0
139,72.0,0.0,0.0,-8931.7716,0.0,-15.793334,884736.0,0.001127116,-8931.7716,-8931.7716,0.0
140,72.0,0.0,0.0,-8905.3832,0.0,-10.434226,884736.0,0.001127116,-8905.3832,-8905.3832,0.0
141,72.0,0.0,0.0,-8936.4296,0.0,-14.757092,884736.0,0.001127116,-8936.4296,-8936.4296,0.0
142,72.0,0.0,0.0,-8979.3508,0.0,9.2339382,884736.0,0.001127116,-8979.3508,-8979.3508,0.0
143,72.0,0.0,0.0,-9019.9885,0.0,-45.07805,884736.0,0.001127116,-9019.9885,-9019.9885,0.0
144,72.0,0.0,0.0,-8931.5367,0.0,-48.793226,884736.0,0.001127116,-8931.5367,-8931.5367,0.0
145,72.0,0.0,0.0,-8907.7225,0.0,-18.228491,884736.0,0.001127116,-8907.7225,-8907.7225,0.0
146,72.0,0.0,0.0,-8942.7475,0.0,-63.724037,884736.0,0.001127116,-8942.7475,-8942.7475,0.0
147,72.0,0.0,0.0,-8880.2079,0.0,-31.208351,884736.0,0.001127116,-8880.2079,-8880.2079,0.0
148,72.0,0.0,0.0,-8872.9142,0.0,-32.736456,884736.0,0.001127116,-8872.9142,-8872.9142,0.0
149,72.0,0.0,0.0,-8961.6206,0.0,-47.926928,884736.0,0.001127116,-8961.6206,-8961.6206,0.0
150,72.0,0.0,0.0,-8951.0357,0.0,13.528657,884736.0,0.001127116,-8951.0357,-8951.0357,0.0
151,72.0,0.0,0.0,-8961.339,0.0,-0.38151703,884736.0,0.001127116,-8961.339,-8961.339,0.0
152,72.0,0.0,0.0,-8950.0022,0.0,13.787661,884736.0,0.001127116,-8950.0022,-8950.0022,0.0
153,72.0,0.0,0.0,-8953.5977,0.0,3.2031804,884736.0,0.001127116,-8953.5977,-8953.5977,0.0
154,72.0,0.0,0.0,-8893.6471,0.0,-18.202883,884736.0,0.001127116,-8893.6471,-8893.6471,0.0
155,72.0,0.0,0.0,-8886.9922,0.0,-104.87464,884736.0,0.001127116,-8886.9922,-8886.9922,0.0
156,72.0,0.0,0.0,-8948.3853,0.0,-22.91028,884736.0,0.001127116,-8948.3853,-8948.3853,0.0
157,72.0,0.0,0.0,-8979.1505,0.0,-20.055985,884736.0,0.001127116,-8979.1505,-8979.1505,0.0
158,72.0,0.0,0.0,-8931.0344,0.0,-8.250523,884736.0,0.001127116,-8931.0344,-8931.0344,0.0
159,72.0,0.0,0.0,-8938.545,0.0,16.943095,884736.0,0.001127116,-8938.545,-8938.545,0.0
160,72.0,0.0,0.0,-8974.6506,0.0,2.4498421,884736.0,0.001127116,-8974.6506,-8974.6506,0.0
161,72.0,0.0,0.0,-8956.0763,0.0,-50.984069,884736.0,0.001127116,-8956.0763,-8956.0763,0.0
162,72.0,0.0,0.0,-8996.4808,0.0,-4.925712,884736.0,0.001127116,-8996.4808,-8996.4808,0.0
163,72.0,0.0,0.0,-8988.8429,0.0,4.1805035,884736.0,0.001127116,-8988.8429,-8988.8429,0.0
164,72.0,0.0,0.0,-9025.6428,0.0,5.1523755,884736.0,0.001127116,-9025.6428,-9025.6428,0.0
165,72.0,0.0,0.0,-8998.7901,0.0,-35.405805,884736.0,0.001127116,-8998.7901,-8998.7901,0.0
166,72.0,0.0,0.0,-9046.0395,0.0,-28.24357,884736.0,0.001127116,-9046.0395,-9046.0395,0.0
167,72.0,0.0,0.0,-9017.5613,0.0,-44.474123,884736.0,0.001127116,-9017.5613,-9017.5613,0.0
168,72.0,0.0,0.0,-8962.5419,0.0,-59.551334,884736.0,0.001127116,-8962.5419,-8962.5419,0.0
169,72.0,0.0,0.0,-8983.302,0.0,-30.207588,884736.0,0.001127116,-8983.302,-8983.302,0.0
170,72.0,0.0,0.0,-8897.7665,0.0,-53.390861,884736.0,0.001127116,-8897.7665,-8897.7665,0.0
171,72.0,0.0,0.0,-8989.4346,0.0,-56.059676,884736.0,0.001127116,-8989.4346,-8989.4346,0.0
172,72.0,0.0,0.0,-8963.4957,0.0,-41.978641,884736.0,0.001127116,-8963.4957,-8963.4957,0.0
173,72.0,0.0,0.0,-8919.502,0.0,-9.5460366,884736.0,0.001127116,-8919.502,-8919.502,0.0
174,72.0,0.0,0.0,-8967.8149,0.0,-7.3949528,884736.0,0.001127116,-8967.8149,-8967.8149,0.0
175,72.0,0.0,0.0,-8944.5575,0.0,-42.188941,884736.0,0.001127116,-8944.5575,-8944.5575,0.0
176,72.0,0.0,0.0,-8922.8365,0.0,-1.9518417,884736.0,0.001127116,-8922.8365,-8922.8365,0.0
177,72.0,0.0,0.0,-8952.0793,0.0,5.6205128,884736.0,0.001127116,-8952.0793,-8952.0793,0.0
178,72.0,0.0,0.0,-8924.2526,0.0,-7.7827595,884736.0,0.001127116,-8924.2526,-8924.2526,0.0
179,72.0,0.0,0.0,-8886.5663,0.0,12.962931,884736.0,0.001127116,-8886.5663,-8886.5663,0.0
180,72.0,0.0,0.0,-8984.0861,0.0,-41.125118,884736.0,0.001127116,-8984.0861,-8984.0861,0.0
181,72.0,0.0,0.0,-8913.0455,0.0,-12.106529,884736.0,0.001127116,-8913.0455,-8913.0455,0.0
182,72.0,0.0,0.0,-8906.1692,0.0,-0.52424285,884736.0,0.001127116,-8906.1692,-8906.1692,0.0
183,72.0,0.0,0.0,-8911.7667,0.0,-10.585461,884736.0,0.001127116,-8911.7667,-8911.7667,0.0
184,72.0,0.0,0.0,-9020.2764,0.0,-19.31371,884736.0,0.001127116,-9020.2764,-9020.2764,0.0
185,72.0,0.0,0.0,-8975.5931,0.0,15.78321,884736.0,0.001127116,-8975.5931,-8975.5931,0.0
186,72.0,0.0,0.0,-8943.1213,0.0,15.047127,884736.0,0.001127116,-8943.1213,-8943.1213,0.0
187,72.0,0.0,0.0,-8952.1678,0.0,29.878993,884736.0,0.001127116,-8952.1678,-8952.1678,0.0
188,72.0,0.0,0.0,-8979.6783,0.0,21.126036,884736.0,0.001127116,-8979.6783,-8979.6783,0.0
189,72.0,0.0,0.0,-8962.2249,0.0,-27.224447,884736.0,0.001127116,-8962.2249,-8962.2249,0.0
190,72.0,0.0,0.0,-8960.423,0.0,-47.334818,884736.0,0.001127116,-8960.423,-8960.423,0.0
191,72.0,0.0,0.0,-8972.6147,0.0,-26.356479,884736.0,0.001127116,-8972.6147,-8972.6147,0.0
192,72.0,0.0,0.0,-8967.6932,0.0,-35.104133,884736.0,0.001127116,-8967.6932,-8967.6932,0.0
193,72.0,0.0,0.0,-8978.693,0.0,-29.9733,884736.0,0.001127116,-8978.693,-8978.693,0.0
194,72.0,0.0,0.0,-8933.4809,0.0,-18.308316,884736.0,0.001127116,-8933.4809,-8933.4809,0.0
195,72.0,0.0,0.0,-8982.3171,0.0,9.3350477,884736.0,0.001127116,-8982.3171,-8982.3171,0.0
196,72.0,0.0,0.0,-8964.7698,0.0,-18.050258,884736.0,0.001127116,-8964.7698,-8964.7698,0.0
197,72.0,0.0,0.0,-8925.4799,0.0,-76.565049,884736.0,0.001127116,-8925.4799,-8925.4799,0.0
198,72.0,0.0,0.0,-9026.9917,0.0,-12.627893,884736.0,0.001127116,-9026.9917,-9026.9917,0.0
199,72.0,0.0,0.0,-8965.5617,0.0,-9.9709485,884736.0,0.001127116,-8965.5617,-8965.5617,0.0
200,36.0,0.0,0.0,-4499.3406,0.0,2.1434377,884736.0,0.00056355801,-4499.3406,-4499.3406,0.0
201,36.0,0.0,0.0,-4479.7872,0.0,-22.031595,884736.0,0.00056355801,-4479.7872,-4479.7872,0.0
202,36.0,0.0,0.0,-4449.3265,0.0,-37.545965,884736.0,0.00056355801,-4449.3265,-4449.3265,0.0
203,36.0,0.0,0.0,-4461.4225,0.0,22.108652,884736.0,0.00056355801,-4461.4225,-4461.4225,0.0
204,36.0,0.0,0.0,-4480.1332,0.0,2.7893115,884736.0,0.00056355801,-4480.1332,-4480.1332,0.0
205,36.0,0.0,0.0,-4475.7151,0.0,0.13738285,884736.0,0.00056355801,-4475.7151,-4475.7151,0.0
206,36.0,0.0,0.0,-4494.3604,0.0,-6.3933779,884736.0,0.00056355801,-4494.3604,-4494.3604,0.0
207,36.0,0.0,0.0,-4470.3007,0.0,-9.0777947,884736.0,0.00056355801,-4470.3007,-4470.3007,0.0
208,36.0,0.0,0.0,-4498.7641,0.0,-29.990432,884736.0,0.00056355801,-4498.7641,-4498.7641,0.0
209,36.0,0.0,0.0,-4549.4721,0.0,11.199275,884736.0,0.00056355801,-4549.4721,-4549.4721,0.0
210,36.0,0.0,0.0,-4516.8687,0.0,-18.670581,884736.0,0.00056355801,-4516.8687,-4516.8687,0.0
211,36.0,0.0,0.0,-4471.399,0.0,-53.374099,884736.0,0.00056355801,-4471.399,-4471.399,0.0
212,36.0,0.0,0.0,-4511.7836,0.0,1.9859098,884736.0,0.00056355801,-4511.7836,-4511.7836,0.0
213,36.0,0.0,0.0,-4491.712,0.0,-1.3909303,884736.0,0.00056355801,-4491.712,-4491.712,0.0
214,36.0,0.0,0.0,-4520.1548,0.0,-21.898463,884736.0,0.00056355801,-4520.1548,-4520.1548,0.0
215,36.0,0.0,0.0,-4477.4666,0.0,-13.245435,884736.0,0.00056355801,-4477.4666,-4477.4666,0.0
216,36.0,0.0,0.0,-4484.473,0.0,-9.2618446,884736.0,0.00056355801,-4484.473,-4484.473,0.0
217,36.0,0.0,0.0,-4458.1069,0.0,-4.0714116,884736.0,0.00056355801,-4458.1069,-4458.1069,0.0
218,36.0,0.0,0.0,-4519.5487,0.0,-15.732891,884736.0,0.00056355801,-4519.5487,-4519.5487,0.0
219,36.0,0.0,0.0,-4473.2696,0.0,0.21218847,884736.0,0.00056355801,-4473.2696,-4473.2696,0.0
220,36.0,0.0,0.0,-4503.3071,0.0,-32.785513,884736.0,0.00056355801,-4503.3071,-4503.3071,0.0
221,36.0,0.0,0.0,-4472.9068,0.0,-2.2275559,884736.0,0.00056355801,-4472.9068,-4472.9068,0.0
222,36.0,0.0,0.0,-4484.8741,0.0,-46.879619,884736.0,0.00056355801,-4484.8741,-4484.8741,0.0
223,36.0,0.0,0.0,-4477.6374,0.0,7.1902271,884736.0,0.00056355801,-4477.6374,-4477.6374,0.0
224,36.0,0.0,0.0,-4473.1119,0.0,-14.04136,884736.0,0.00056355801,-4473.1119,-4473.1119,0.0
225,36.0,0.0,0.0,-4506.2921,0.0,-23.928836,884736.0,0.00056355801,-4506.2921,-4506.2921,0.0
226,36.0,0.0,0.0,-4479.7074,0.0,-22.144649,884736.0,0.00056355801,-4479.7074,-4479.7074,0.0
227,36.0,0.0,0.0,-4471.692,0.0,-31.711696,884736.0,0.00056355801,-4471.692,-4471.692,0.0
228,36.0,0.0,0.0,-4471.5805,0.0,14.781268,884736.0,0.00056355801,-4471.5805,-4471.5805,0.0
229,36.0,0.0,0.0,-4461.9949,0.0,-18.096857,884736.0,0.00056355801,-4461.9949,-4461.9949,0.0
230,36.0,0.0,0.0,-4475.1701,0.0,-18.38769,884736.0,0.00056355801,-4475.1701,-4475.1701,0.0
231,36.0,0.0,0.0,-4478.275,0.0,-10.434488,884736.0,0.00056355801,-4478.275,-4478.275,0.0
232,36.0,0.0,0.0,-4506.5082,0.0,-26.651614,884736.0,0.00056355801,-4506.5082,-4506.5082,0.0
233,36.0,0.0,0.0,-4473.4249,0.0,-46.985206,884736.0,0.00056355801,-4473.4249,-4473.4249,0.0
234,36.0,0.0,0.0,-4507.3578,0.0,1.6538772,884736.0,0.00056355801,-4507.3578,-4507.3578,0.0
235,36.0,0.0,0.0,-4465.9975,0.0,-23.487361,884736.0,0.00056355801,-4465.9975,-4465.9975,0.0
236,36.0,0.0,0.0,-4484.5783,0.0,-23.290387,884736.0,0.00056355801,-4484.5783,-4484.5783,0.0
237,36.0,0.0,0.0,-4481.8776,0.0,-24.130511,884736.0,0.00056355801,-4481.8776,-4481.8776,0.0
238,36.0,0.0,0.0,-4492.5101,0.0,-59.891995,884736.0,0.00056355801,-4492.5101,-4492.5101,0.0
239,36.0,0.0,0.0,-4522.073,0.0,-14.772685,884736.0,0.00056355801,-4522.073,-4522.073,0.0
240,36.0,0.0,0.0,-4526.8454,0.0,-32.580574,884736.0,0.00056355801,-4526.8454,-4526.8454,0.0
241,36.0,0.0,0.0,-4443.6491,0.0,-17.676994,884736.0,0.00056355801,-4443.6491,-4443.6491,0.0
242,36.0,0.0,0.0,-4509.332,0.0,19.522352,884736.0,0.00056355801,-4509.332,-4509.332,0.0
243,36.0,0.0,0.0,-4493.2233,0.0,-4.1425043,884736.0,0.00056355801,-4493.2233,-4493.2233,0.0
244,36.0,0.0,0.0,-4482.4998,0.0,-11.625313,884736.0,0.00056355801,-4482.4998,-4482.4998,0.0
245,36.0,0.0,0.0,-4461.4008,0.0,13.664101,884736.0,0.00056355801,-4461.4008,-4461.4008,0.0
246,36.0,0.0,0.0,-4491.5888,0.0,9.0093795,884736.0,0.00056355801,-4491.5888,-4491.5888,0.0
247,36.0,0.0,0.0,-4488.2508,0.0,7.7500936,884736.0,0.00056355801,-4488.2508,-4488.2508,0.0
248,36.0,0.0,0.0,-4501.3585,0.0,-26.759491,884736.0,0.00056355801,-4501.3585,-4501.3585,0.0
249,36.0,0.0,0.0,-4511.4849,0.0,-4.7959367,884736.0,0.00056355801,-4511.4849,-4511.4849,0.0
250,36.0,0.0,0.0,-4470.6198,0.0,-32.482856,884736.0,0.00056355801,-4470.6198,-4470.6198,0.0
251,36.0,0.0,0.0,-4519.2743,0.0,-13.026185,884736.0,0.00056355801,-4519.2743,-4519.2743,0.0
252,36.0,0.0,0.0,-4498.2043,0.0,-17.625505,884736.0,0.00056355801,-4498.2043,-4498.2043,0.0
253,36.0,0.0,0.0,-4479.017,0.0,-6.6757351,884736.0,0.00056355801,-4479.017,-4479.017,0.0
254,36.0,0.0,0.0,-4500.3237,0.0,8.9732786,884736.0,0.00056355801,-4500.3237,-4500.3237,0.0
255,36.0,0.0,0.0,-4493.288,0.0,-12.172348,884736.0,0.00056355801,-4493.288,-4493.288,0.0
256,36.0,0.0,0.0,-4459.3183,0.0,-10.942758,884736.0,0.00056355801,-4459.3183,-4459.3183,0.0
257,36.0,0.0,0.0,-4449.9327,0.0,30.491147,884736.0,0.00056355801,-4449.9327,-4449.9327,0.0
258,36.0,0.0,0.0,-4468.5292,0.0,1.146534,884736.0,0.00056355801,-4468.5292,-4468.5292,0.0
259,36.0,0.0,0.0,-4477.7648,0.0,-48.595217,884736.0,0.00056355801,-4477.7648,-4477.7648,0.0
260,36.0,0.0,0.0,-4502.6869,0.0,-26.012297,884736.0,0.00056355801,-4502.6869,-4502.6869,0.0
261,36.0,0.0,0.0,-4507.7371,0.0,-14.816786,884736.0,0.00056355801,-4507.7371,-4507.7371,0.0
262,36.0,0.0,0.0,-4441.1546,0.0,-36.706722,884736.0,0.00056355801,-4441.1546,-4441.1546,0.0
263,36.0,0.0,0.0,-4490.3234,0.0,21.080767,884736.0,0.00056355801,-4490.3234,-4490.3234,0.0
264,36.0,0.0,0.0,-4438.5739,0.0,-14.314939,884736.0,0.00056355801,-4438.5739,-4438.5739,0.0
265,36.0,0.0,0.0,-4503.3141,0.0,-5.5078674,884736.0,0.00056355801,-4503.3141,-4503.3141,0.0
266,36.0,0.0,0.0,-4506.5899,0.0,-28.279989,884736.0,0.00056355801,-4506.5899,-4506.5899,0.0
267,36.0,0.0,0.0,-4449.5341,0.0,22.121898,884736.0,0.00056355801,-4449.5341,-4449.5341,0.0
268,36.0,0.0,0.0,-4474.6941,0.0,-8.3796382,884736.0,0.00056355801,-4474.6941,-4474.6941,0.0
269,36.0,0.0,0.0,-4464.9382,0.0,-19.814565,884736.0,0.00056355801,-4464.9382,-4464.9382,0.0
270,36.0,0.0,0.0,-4490.2563,0.0,-36.080848,884736.0,0.00056355801,-4490.2563,-4490.2563,0.0
271,36.0,0.0,0.0,-4432.7558,0.0,3.1692195,884736.0,0.00056355801,-4432.7558,-4432.7558,0.0
272,36.0,0.0,0.0,-4471.3832,0.0,-17.283333,884736.0,0.00056355801,-4471.3832,-4471.3832,0.0
273,36.0,0.0,0.0,-4483.8344,0.0,3.4816535,884736.0,0.00056355801,-4483.8344,-4483.8344,0.0
274,36.0,0.0,0.0,-4507.4757,0.0,19.196456,884736.0,0.00056355801,-4507.4757,-4507.4757,0.0
275,36.0,0.0,0.0,-4441.9755,0.0,-28.269619,884736.0,0.00056355801,-4441.9755,-4441.9755,0.0
276,36.0,0.0,0.0,-4469.1987,0.0,-1.4951039,884736.0,0.00056355801,-4469.1987,-4469.1987,0.0
277,36.0,0.0,0.0,-4486.0272,0.0,-31.649904,884736.0,0.00056355801,-4486.0272,-4486.0272,0.0
278,36.0,0.0,0.0,-4492.2121,0.0,-17.666965,884736.0,0.00056355801,-4492.2121,-4492.2121,0.0
279,36.0,0.0,0.0,-4446.7665,0.0,-14.34429,884736.0,0.00056355801,-4446.7665,-4446.7665,0.0
280,36.0,0.0,0.0,-4470.3697,0.0,-29.135151,884736.0,0.00056355801,-4470.3697,-4470.3697,0.0
281,36.0,0.0,0.0,-4476.7487,0.0,-7.4351656,884736.0,0.00056355801,-4476.7487,-4476.7487,0.0
282,36.0,0.0,0.0,-4462.586,0.0,7.6742253,884736.0,0.00056355801,-4462.586,-4462.586,0.0
283,36.0,0.0,0.0,-4460.2711,0.0,-7.812393,884736.0,0.00056355801,-4460.2711,-4460.2711,0.0
284,36.0,0.0,0.0,-4473.4404,0.0,-1.648997,884736.0,0.00056355801,-4473.4404,-4473.4404,0.0
285,36.0,0.0,0.0,-4470.7068,0.0,-21.480915,884736.0,0.00056355801,-4470.7068,-4470.7068,0.0
286,36.0,0.0,0.0,-4463.2141,0.0,-34.810482,884736.0,0.00056355801,-4463.2141,-4463.2141,0.0
287,36.0,0.0,0.0,-4464.5343,0.0,-14.665443,884736.0,0.00056355801,-4464.5343,-4464.5343,0.0
288,36.0,0.0,0.0,-4452.3145,0.0,2.119118,884736.0,0.00056355801,-4452.3145,-4452.3145,0.0
289,36.0,0.0,0.0,-4505.0913,0.0,-31.449868,884736.0,0.00056355801,-4505.0913,-4505.0913,0.0
290,36.0,0.0,0.0,-4490.4191,0.0,-14.94326,884736.0,0.00056355801,-4490.4191,-4490.4191,0.0
291,36.0,0.0,0.0,-4444.0348,0.0,-10.855061,884736.0,0.00056355801,-4444.0348,-4444.0348,0.0
292,36.0,0.0,0.0,-4506.5423,0.0,-10.092245,884736.0,0.00056355801,-4506.5423,-4506.5423,0.0
293,36.0,0.0,0.0,-4501.8187,0.0,1.1993435,884736.0,0.00056355801,-4501.8187,-4501.8187,0.0
294,36.0,0.0,0.0,-4471.7472,0.0,-3.869731,884736.0,0.00056355801,-4471.7472,-4471.7472,0.0
295,36.0,0.0,0.0,-4459.6193,0.0,-12.378719,884736.0,0.00056355801,-4459.6193,-4459.6193,0.0
296,36.0,0.0,0.0,-4492.3042,0.0,-39.579412,884736.0,0.00056355801,-4492.3042,-4492.3042,0.0
297,36.0,0.0,0.0,-4472.7347,0.0,-22.950322,884736.0,0.00056355801,-4472.7347,-4472.7347,0.0
298,36.0,0.0,0.0,-4492.0282,0.0,1.4743872,884736.0,0.00056355801,-4492.0282,-4492.0282,0.0
299,36.0,0.0,0.0,-4500.4802,0.0,-0.60356627,884736.0,0.00056355801,-4500.4802,-4500.4802,0.0
300,36.0,0.0,0.0,-4453.4024,0.0,1.7030795,884736.0,0.00056355801,-4453.4024,-4453.4024,0.0
301,36.0,0.0,0.0,-4467.9659,0.0,-33.06094,884736.0,0.00056355801,-4467.9659,-4467.9659,0.0
302,36.0,0.0,0.0,-4500.2147,0.0,-20.394963,884736.0,0.00056355801,-4500.2147,-4500.2147,0.0
303,36.0,0.0,0.0,-4473.6741,0.0,-56.537896,884736.0,0.00056355801,-4473.6741,-4473.6741,0.0
304,36.0,0.0,0.0,-4462.7549,0.0,12.922944,884736.0,0.00056355801,-4462.7549,-4462.7549,0.0
305,36.0,0.0,0.0,-4468.4581,0.0,-6.9229728,884736.0,0.00056355801,-4468.4581,-4468.4581,0.0
306,36.0,0.0,0.0,-4464.0339,0.0,-30.968294,884736.0,0.00056355801,-4464.0339,-4464.0339,0.0
307,36.0,0.0,0.0,-4465.5276,0.0,-25.499774,884736.0,0.00056355801,-4465.5276,-4465.5276,0.0
308,36.0,0.0,0.0,-4450.1774,0.0,-1.4249284,884736.0,0.00056355801,-4450.1774,-4450.1774,0.0
309,36.0,0.0,0.0,-4480.3514,0.0,-40.523613,884736.0,0.00056355801,-4480.3514,-4480.3514,0.0
310,36.0,0.0,0.0,-4487.5798,0.0,4.7315755,884736.0,0.00056355801,-4487.5798,-4487.5798,0.0
311,36.0,0.0,0.0,-4521.2517,0.0,-12.812989,884736.0,0.00056355801,-4521.2517,-4521.2517,0.0
312,36.0,0.0,0.0,-4458.9644,0.0,-31.826487,884736.0,0.00056355801,-4458.9644,-4458.9644,0.0
313,36.0,0.0,0.0,-4484.7155,0.0,-19.437153,884736.0,0.00056355801,-4484.7155,-4484.7155,0.0
314,36.0,0.0,0.0,-4453.6968,0.0,7.0560694,884736.0,0.00056355801,-4453.6968,-4453.6968,0.0
315,36.0,0.0,0.0,-4480.9537,0.0,-33.984521,884736.0,0.00056355801,-4480.9537,-4480.9537,0.0
316,36.0,0.0,0.0,-4509.0155,0.0,-38.784906,884736.0,0.00056355801,-4509.0155,-4509.0155,0.0
317,36.0,0.0,0.0,-4502.3085,0.0,-28.961485,884736.0,0.00056355801,-4502.3085,-4502.3085,0.0
318,36.0,0.0,0.0,-4477.6401,0.0,-34.192636,884736.0,0.00056355801,-4477.6401,-4477.6401,0.0
319,36.0,0.0,0.0,-4476.7773,0.0,-13.519446,884736.0,0.00056355801,-4476.7773,-4476.7773,0.0
320,36.0,0.0,0.0,-4470.5163,0.0,38.984433,884736.0,0.00056355801,-4470.5163,-4470.5163,0.0
321,36.0,0.0,0.0,-4513.1713,0.0,-19.005276,884736.0,0.00056355801,-4513.1713,-4513.1713,0.0
322,36.0,0.0,0.0,-4469.3311,0.0,-31.348295,884736.0,0.00056355801,-4469.3311,-4469.3311,0.0
323,36.0,0.0,0.0,-4489.8703,0.0,-28.518299,884736.0,0.00056355801,-4489.8703,-4489.8703,0.0
324,36.0,0.0,0.0,-4443.2395,0.0,-53.442695,884736.0,0.00056355801,-4443.2395,-4443.2395,0.0
325,36.0,0.0,0.0,-4444.1643,0.0,1.9703404,884736.0,0.00056355801,-4444.1643,-4444.1643,0.0
326,36.0,0.0,0.0,-4528.4059,0.0,-40.780034,884736.0,0.00056355801,-4528.4059,-4528.4059,0.0
327,36.0,0.0,0.0,-4461.0261,0.0,-17.005575,884736.0,0.00056355801,-4461.0261,-4461.0261,0.0
328,36.0,0.0,0.0,-4475.1366,0.0,-8.3857444,884736.0,0.00056355801,-4475.1366,-4475.1366,0.0
329,36.0,0.0,0.0,-4451.021,0.0,8.839335,884736.0,0.00056355801,-4451.021,-4451.021,0.0
330,36.0,0.0,0.0,-4447.1413,0.0,-30.323229,884736.0,0.00056355801,-4447.1413,-4447.1413,0.0
331,36.0,0.0,0.0,-4494.2863,0.0,4.9442923,884736.0,0.00056355801,-4494.2863,-4494.2863,0.0
332,36.0,0.0,0.0,-4475.0257,0.0,-4.4062459,884736.0,0.00056355801,-4475.0257,-4475.0257,0.0
333,36.0,0.0,0.0,-4487.3262,0.0,27.377527,884736.0,0.00056355801,-4487.3262,-4487.3262,0.0
334,36.0,0.0,0.0,-4481.2693,0.0,-20.841369,884736.0,0.00056355801,-4481.2693,-4481.2693,0.0
335,36.0,0.0,0.0,-4469.4948,0.0,-8.1406838,884736.0,0.00056355801,-4469.4948,-4469.4948,0.0
336,36.0,0.0,0.0,-4457.3667,0.0,-28.833431,884736.0,0.00056355801,-4457.3667,-4457.3667,0.0
337,36.0,0.0,0.0,-4455.442,0.0,-26.912714,884736.0,0.00056355801,-4455.442,-4455.442,0.0
338,36.0,0.0,0.0,-4478.6906,0.0,19.437501,884736.0,0.00056355801,-4478.6906,-4478.6906,0.0
339,36.0,0.0,0.0,-4449.5538,0.0,9.941167,884736.0,0.00056355801,-4449.5538,-4449.5538,0.0
340,36.0,0.0,0.0,-4466.3718,0.0,2.0138584,884736.0,0.00056355801,-4466.3718,-4466.3718,0.0
341,36.0,0.0,0.0,-4476.4723,0.0,4.5470405,884736.0,0.00056355801,-4476.4723,-4476.4723,0.0
342,36.0,0.0,0.0,-4484.4451,0.0,-7.0178421,884736.0,0.00056355801,-4484.4451,-4484.4451,0.0
343,36.0,0.0,0.0,-4542.0925,0.0,-15.999621,884736.0,0.00056355801,-4542.0925,-4542.0925,0.0
344,36.0,0.0,0.0,-4477.5253,0.0,-29.20331,884736.0,0.00056355801,-4477.5253,-4477.5253,0.0
345,36.0,0.0,0.0,-4458.3836,0.0,-34.543649,884736.0,0.00056355801,-4458.3836,-4458.3836,0.0
346,36.0,0.0,0.0,-4497.0536,0.0,-32.739585,884736.0,0.00056355801,-4497.0536,-4497.0536,0.0
347,36.0,0.0,0.0,-4455.5538,0.0,-10.553064,884736.0,0.00056355801,-4455.5538,-4455.5538,0.0
348,36.0,0.0,0.0,-4444.8981,0.0,-17.858704,884736.0,0.00056355801,-4444.8981,-4444.8981,0.0
349,36.0,0.0,0.0,-4504.4407,0.0,-17.090504,884736.0,0.00056355801,-4504.4407,-4504.4407,0.0
350,36.0,0.0,0.0,-4495.8501,0.0,3.4658777,884736.0,0.00056355801,-4495.8501,-4495.8501,0.0
351,36.0,0.0,0.0,-4457.936,0.0,9.1953644,884736.0,0.00056355801,-4457.936,-4457.936,0.0
352,36.0,0.0,0.0,-4483.5533,0.0,13.84552,884736.0,0.00056355801,-4483.5533,-4483.5533,0.0
353,36.0,0.0,0.0,-4488.7681,0.0,-17.392188,884736.0,0.00056355801,-4488.7681,-4488.7681,0.0
354,36.0,0.0,0.0,-4458.2086,0.0,-11.455164,884736.0,0.00056355801,-4458.2086,-4458.2086,0.0
355,36.0,0.0,0.0,-4460.916,0.0,-49.53407,884736.0,0.00056355801,-4460.916,-4460.916,0.0
356,36.0,0.0,0.0,-4466.6176,0.0,10.043126,884736.0,0.00056355801,-4466.6176,-4466.6176,0.0
357,36.0,0.0,0.0,-4504.5154,0.0,-17.233225,884736.0,0.00056355801,-4504.5154,-4504.5154,0.0
358,36.0,0.0,0.0,-4480.1119,0.0,14.68219,884736.0,0.00056355801,-4480.1119,-4480.1119,0.0
359,36.0,0.0,0.0,-4486.2286,0.0,21.903245,884736.0,0.00056355801,-4486.2286,-4486.2286,0.0
360,36.0,0.0,0.0,-4467.8747,0.0,18.816488,884736.0,0.00056355801,-4467.8747,-4467.8747,0.0
361,36.0,0.0,0.0,-4504.4749,0.0,-26.061226,884736.0,0.00056355801,-4504.4749,-4504.4749,0.0
362,36.0,0.0,0.0,-4480.9616,0.0,26.02188,884736.0,0.00056355801,-4480.9616,-4480.9616,0.0
363,36.0,0.0,0.0,-4514.7183,0.0,4.3748195,884736.0,0.00056355801,-4514.7183,-4514.7183,0.0
364,36.0,0.0,0.0,-4490.0546,0.0,-1.4869162,884736.0,0.00056355801,-4490.0546,-4490.0546,0.0
365,36.0,0.0,0.0,-4481.315,0.0,-29.685189,884736.0,0.00056355801,-4481.315,-4481.315,0.0
366,36.0,0.0,0.0,-4515.0001,0.0,-9.1167422,884736.0,0.00056355801,-4515.0001,-4515.0001,0.0
367,36.0,0.0,0.0,-4509.1738,0.0,-23.285142,884736.0,0.00056355801,-4509.1738,-4509.1738,0.0
368,36.0,0.0,0.0,-4489.65,0.0,-33.001336,884736.0,0.00056355801,-4489.65,-4489.65,0.0
369,36.0,0.0,0.0,-4501.0793,0.0,-28.910123,884736.0,0.00056355801,-4501.0793,-4501.0793,0.0
370,36.0,0.0,0.0,-4473.2235,0.0,-49.302393,884736.0,0.00056355801,-4473.2235,-4473.2235,0.0
371,36.0,0.0,0.0,-4483.8486,0.0,-22.712664,884736.0,0.00056355801,-4483.8486,-4483.8486,0.0
372,36.0,0.0,0.0,-4511.6605,0.0,-30.338697,884736.0,0.00056355801,-4511.6605,-4511.6605,0.0
373,36.0,0.0,0.0,-4482.3774,0.0,-19.927353,884736.0,0.00056355801,-4482.3774,-4482.3774,0.0
374,36.0,0.0,0.0,-4508.3394,0.0,-15.344109,884736.0,0.00056355801,-4508.3394,-4508.3394,0.0
375,36.0,0.0,0.0,-4464.129,0.0,-57.229427,884736.0,0.00056355801,-4464.129,-4464.129,0.0
376,36.0,0.0,0.0,-4480.0239,0.0,23.48848,884736.0,0.00056355801,-4480.0239,-4480.0239,0.0
377,36.0,0.0,0.0,-4472.7021,0.0,-6.8372755,884736.0,0.00056355801,-4472.7021,-4472.7021,0.0
378,36.0,0.0,0.0,-4449.6889,0.0,-7.938251,884736.0,0.00056355801,-4449.6889,-4449.6889,0.0
379,36.0,0.0,0.0,-4465.9331,0.0,-8.5360952,884736.0,0.00056355801,-4465.9331,-4465.9331,0.0
380,36.0,0.0,0.0,-4505.3466,0.0,-35.443104,884736.0,0.00056355801,-4505.3466,-4505.3466,0.0
381,36.0,0.0,0.0,-4458.1255,0.0,-13.61672,884736.0,0.00056355801,-4458.1255,-4458.1255,0.0
382,36.0,0.0,0.0,-4462.145,0.0,0.8389277,884736.0,0.00056355801,-4462.145,-4462.145,0.0
383,36.0,0.0,0.0,-4482.456,0.0,-6.2995938,884736.0,0.00056355801,-4482.456,-4482.456,0.0
384,36.0,0.0,0.0,-4498.7675,0.0,-9.1561286,884736.0,0.00056355801,-4498.7675,-4498.7675,0.0
385,36.0,0.0,0.0,-4524.5796,0.0,24.461676,884736.0,0.00056355801,-4524.5796,-4524.5796,0.0
386,36.0,0.0,0.0,-4488.2002,0.0,8.8389033,884736.0,0.00056355801,-4488.2002,-4488.2002,0.0
387,36.0,0.0,0.0,-4499.4019,0.0,10.229776,884736.0,0.00056355801,-4499.4019,-4499.4019,0.0
388,36.0,0.0,0.0,-4502.7621,0.0,24.154441,884736.0,0.00056355801,-4502.7621,-4502.7621,0.0
389,36.0,0.0,0.0,-4507.5479,0.0,-21.131965,884736.0,0.00056355801,-4507.5479,-4507.5479,0.0
390,36.0,0.0,0.0,-4491.5911,0.0,-13.793695,884736.0,0.00056355801,-4491.5911,-4491.5911,0.0
391,36.0,0.0,0.0,-4500.4909,0.0,-19.66807,884736.0,0.00056355801,-4500.4909,-4500.4909,0.0
392,36.0,0.0,0.0,-4501.0489,0.0,-9.7336503,884736.0,0.00056355801,-4501.0489,-4501.0489,0.0
393,36.0,0.0,0.0,-4526.0676,0.0,-7.757052,884736.0,0.00056355801,-4526.0676,-4526.0676,0.0
394,36.0,0.0,0.0,-4485.9804,0.0,-21.86476,884736.0,0.00056355801,-4485.9804,-4485.9804,0.0
395,36.0,0.0,0.0,-4512.3829,0.0,23.678404,884736.0,0.00056355801,-4512.3829,-4512.3829,0.0
396,36.0,0.0,0.0,-4490.6483,0.0,3.6154318,884736.0,0.00056355801,-4490.6483,-4490.6483,0.0
397,36.0,0.0,0.0,-4489.7164,0.0,-28.545953,884736.0,0.00056355801,-4489.7164,-4489.7164,0.0
398,36.0,0.0,0.0,-4518.3892,0.0,-6.1716513,884736.0,0.00056355801,-4518.3892,-4518.3892,0.0
399,36.0,0.0,0.0,-4489.2769,0.0,3.126936,884736.0,0.00056355801,-4489.2769,-4489.2769,0.0
400,36.0,0.0,0.0,-4426.349,0.0,14.414704,884736.0,0.00056355801,-4426.349,-4426.349,0.0
401,36.0,0.0,0.0,-4481.5329,0.0,-31.829172,884736.0,0.00056355801,-4481.5329,-4481.5329,0.0
402,36.0,0.0,0.0,-4435.7384,0.0,-49.066039,884736.0,0.00056355801,-4435.7384,-4435.7384,0.0
403,36.0,0.0,0.0,-4409.0492,0.0,-1.567467,884736.0,0.00056355801,-4409.0492,-4409.0492,0.0
404,36.0,0.0,0.0,-4444.2149,0.0,-33.742438,884736.0,0.00056355801,-4444.2149,-4444.2149,0.0
405,36.0,0.0,0.0,-4449.4906,0.0,-20.77216,884736.0,0.00056355801,-4449.4906,-4449.4906,0.0
406,36.0,0.0,0.0,-4414.071,0.0,-18.078083,884736.0,0.00056355801,-4414.071,-4414.071,0.0
407,36.0,0.0,0.0,-4462.9508,0.0,-9.0705686,884736.0,0.00056355801,-4462.9508,-4462.9508,0.0
408,36.0,0.0,0.0,-4486.8246,0.0,7.1135131,884736.0,0.00056355801,-4486.8246,-4486.8246,0.0
409,36.0,0.0,0.0,-4425.3116,0.0,-22.119325,884736.0,0.00056355801,-4425.3116,-4425.3116,0.0
410,36.0,0.0,0.0,-4479.1033,0.0,-14.910074,884736.0,0.00056355801,-4479.1033,-4479.1033,0.0
411,36.0,0.0,0.0,-4451.3671,0.0,19.76947,884736.0,0.00056355801,-4451.3671,-4451.3671,0.0
412,36.0,0.0,0.0,-4472.7803,0.0,-18.22925,884736.0,0.00056355801,-4472.7803,-4472.7803,0.0
413,36.0,0.0,0.0,-4456.0903,0.0,-25.069311,884736.0,0.00056355801,-4456.0903,-4456.0903,0.0
414,36.0,0.0,0.0,-4454.0199,0.0,-17.77235,884736.0,0.00056355801,-4454.0199,-4454.0199,0.0
415,36.0,0.0,0.0,-4443.2301,0.0,-56.630883,884736.0,0.00056355801,-4443.2301,-4443.2301,0.0
416,36.0,0.0,0.0,-4509.9468,0.0,-6.9532402,884736.0,0.00056355801,-4509.9468,-4509.9468,0.0
417,36.0,0.0,0.0,-4464.8903,0.0,-12.514627,884736.0,0.00056355801,-4464.8903,-4464.8903,0.0
418,36.0,0.0,0.0,-4482.0444,0.0,-7.3840082,884736.0,0.00056355801,-4482.0444,-4482.0444,0.0
419,36.0,0.0,0.0,-4415.9361,0.0,-14.948599,884736.0,0.00056355801,-4415.9361,-4415.9361,0.0
420,36.0,0.0,0.0,-4422.6648,0.0,0.52269233,884736.0,0.00056355801,-4422.6648,-4422.6648,0.0
421,36.0,0.0,0.0,-4435.7363,0.0,-7.6651154,884736.0,0.00056355801,-4435.7363,-4435.7363,0.0
422,36.0,0.0,0.0,-4424.7903,0.0,-15.648294,884736.0,0.00056355801,-4424.7903,-4424.7903,0.0
423,36.0,0.0,0.0,-4473.6109,0.0,-24.666803,884736.0,0.00056355801,-4473.6109,-4473.6109,0.0
424,36.0,0.0,0.0,-4442.4513,0.0,21.019027,884736.0,0.00056355801,-4442.4513,-4442.4513,0.0
425,36.0,0.0,0.0,-4468.4297,0.0,-23.475757,884736.0,0.00056355801,-4468.4297,-4468.4297,0.0
426,36.0,0.0,0.0,-4514.2,0.0,-4.0467125,884736.0,0.00056355801,-4514.2,-4514.2,0.0
427,36.0,0.0,0.0,-4491.481,0.0,-6.4713765,884736.0,0.00056355801,-4491.481,-4491.481,0.0
428,36.0,0.0,0.0,-4456.9027,0.0,-16.511739,884736.0,0.00056355801,-4456.9027,-4456.9027,0.0
429,36.0,0.0,0.0,-4425.2242,0.0,-51.269912,884736.0,0.00056355801,-4425.2242,-4425.2242,0.0
430,36.0,0.0,0.0,-4443.3062,0.0,10.152851,884736.0,0.00056355801,-4443.3062,-4443.3062,0.0
431,36.0,0.0,0.0,-4440.6678,0.0,21.823461,884736.0,0.00056355801,-4440.6678,-4440.6678,0.0
432,36.0,0.0,0.0,-4479.5394,0.0,-7.6310234,884736.0,0.00056355801,-4479.5394,-4479.5394,0.0
433,36.0,0.0,0.0,-4443.5276,0.0,-7.2957532,884736.0,0.00056355801,-4443.5276,-4443.5276,0.0
434,36.0,0.0,0.0,-4461.2188,0.0,-17.295042,884736.0,0.00056355801,-4461.2188,-4461.2188,0.0
435,36.0,0.0,0.0,-4468.8953,0.0,-25.576607,884736.0,0.00056355801,-4468.8953,-4468.8953,0.0
436,36.0,0.0,0.0,-4485.5177,0.0,-3.0693291,884736.0,0.00056355801,-4485.5177,-4485.5177,0.0
437,36.0,0.0,0.0,-4478.6037,0.0,37.683962,884736.0,0.00056355801,-4478.6037,-4478.6037,0.0
438,36.0,0.0,0.0,-4479.8275,0.0,-20.722784,884736.0,0.00056355801,-4479.8275,-4479.8275,0.0
439,36.0,0.0,0.0,-4503.7978,0.0,5.7718976,884736.0,0.00056355801,-4503.7978,-4503.7978,0.0
440,36.0,0.0,0.0,-4507.3254,0.0,-22.013928,884736.0,0.00056355801,-4507.3254,-4507.3254,0.0
441,36.0,0.0,0.0,-4462.9633,0.0,-15.602131,884736.0,0.00056355801,-4462.9633,-4462.9633,0.0
442,36.0,0.0,0.0,-4454.9862,0.0,-25.177534,884736.0,0.00056355801,-4454.9862,-4454.9862,0.0
443,36.0,0.0,0.0,-4467.7895,0.0,6.9183854,884736.0,0.00056355801,-4467.7895,-4467.7895,0.0
444,36.0,0.0,0.0,-4469.3,0.0,9.6879549,884736.0,0.00056355801,-4469.3,-4469.3,0.0
445,36.0,0.0,0.0,-4433.6001,0.0,-12.712617,884736.0,0.00056355801,-4433.6001,-4433.6001,0.0
446,36.0,0.0,0.0,-4444.615,0.0,-29.391363,884736.0,0.00056355801,-4444.615,-4444.615,0.0
447,36.0,0.0,0.0,-4501.5451,0.0,-29.833811,884736.0,0.00056355801,-4501.5451,-4501.5451,0.0
448,36.0,0.0,0.0,-4451.0467,0.0,-44.368734,884736.0,0.00056355801,-4451.0467,-4451.0467,0.0
449,36.0,0.0,0.0,-4487.803,0.0,-13.790112,884736.0,0.00056355801,-4487.803,-4487.803,0.0
450,36.0,0.0,0.0,-4449.6679,0.0,-12.135531,884736.0,0.00056355801,-4449.6679,-4449.6679,0.0
451,36.0,0.0,0.0,-4473.0153,0.0,-9.7588228,884736.0,0.00056355801,-4473.0153,-4473.0153,0.0
452,36.0,0.0,0.0,-4423.8454,0.0,-34.369514,884736.0,0.00056355801,-4423.8454,-4423.8454,0.0
453,36.0,0.0,0.0,-4466.6442,0.0,-4.7638555,884736.0,0.00056355801,-4466.6442,-4466.6442,0.0
454,36.0,0.0,0.0,-4470.3132,0.0,-25.200926,884736.0,0.00056355801,-4470.3132,-4470.3132,0.0
455,36.0,0.0,0.0,-4437.4535,0.0,-3.2462544,884736.0,0.00056355801,-4437.4535,-4437.4535,0.0
456,36.0,0.0,0.0,-4453.1895,0.0,3.0179985,884736.0,0.00056355801,-4453.1895,-4453.1895,0.0
457,36.0,0.0,0.0,-4426.1305,0.0,-34.965968,884736.0,0.00056355801,-4426.1305,-4426.1305,0.0
458,36.0,0.0,0.0,-4459.7776,0.0,6.2780844,884736.0,0.00056355801,-4459.7776,-4459.7776,0.0
459,36.0,0.0,0.0,-4438.0727,0.0,-0.50041466,884736.0,0.00056355801,-4438.0727,-4438.0727,0.0
460,36.0,0.0,0.0,-4455.8344,0.0,24.580704,884736.0,0.00056355801,-4455.8344,-4455.8344,0.0
461,36.0,0.0,0.0,-4428.7747,0.0,6.0547537,884736.0,0.00056355801,-4428.7747,-4428.7747,0.0
462,36.0,0.0,0.0,-4473.094,0.0,6.4836536,884736.0,0.00056355801,-4473.094,-4473.094,0.0
463,36.0,0.0,0.0,-4434.986,0.0,-18.77448,884736.0,0.00056355801,-4434.986,-4434.986,0.0
464,36.0,0.0,0.0,-4444.2071,0.0,-13.358719,884736.0,0.00056355801,-4444.2071,-4444.2071,0.0
465,36.0,0.0,0.0,-4433.7252,0.0,-39.393944,884736.0,0.00056355801,-4433.7252,-4433.7252,0.0
466,36.0,0.0,0.0,-4470.4404,0.0,27.827633,884736.0,0.00056355801,-4470.4404,-4470.4404,0.0
467,36.0,0.0,0.0,-4395.0826,0.0,-36.421073,884736.0,0.00056355801,-4395.0826,-4395.0826,0.0
468,36.0,0.0,0.0,-4463.8646,0.0,-33.950359,884736.0,0.00056355801,-4463.8646,-4463.8646,0.0
469,36.0,0.0,0.0,-4435.0712,0.0,-17.252427,884736.0,0.00056355801,-4435.0712,-4435.0712,0.0
470,36.0,0.0,0.0,-4467.5387,0.0,-8.7609973,884736.0,0.00056355801,-4467.5387,-4467.5387,0.0
471,36.0,0.0,0.0,-4427.663,0.0,-0.75385422,884736.0,0.00056355801,-4427.663,-4427.663,0.0
472,36.0,0.0,0.0,-4448.377,0.0,16.789875,884736.0,0.00056355801,-4448.377,-4448.377,0.0
473,36.0,0.0,0.0,-4441.3066,0.0,4.1639463,884736.0,0.00056355801,-4441.3066,-4441.3066,0.0
474,36.0,0.0,0.0,-4472.3185,0.0,-41.193394,884736.0,0.00056355801,-4472.3185,-4472.3185,0.0
475,36.0,0.0,0.0,-4421.6476,0.0,-0.082879005,884736.0,0.00056355801,-4421.6476,-4421.6476,0.0
476,36.0,0.0,0.0,-4464.268,0.0,-9.2059774,884736.0,0.00056355801,-4464.268,-4464.268,0.0
477,36.0,0.0,0.0,-4439.2876,0.0,23.035551,884736.0,0.00056355801,-4439.2876,-4439.2876,0.0
478,36.0,0.0,0.0,-4434.488,0.0,-15.561051,884736.0,0.00056355801,-4434.488,-4434.488,0.0
479,36.0,0.0,0.0,-4444.8001,0.0,-28.524103,884736.0,0.00056355801,-4444.8001,-4444.8001,0.0
480,36.0,0.0,0.0,-4470.352,0.0,-22.779701,884736.0,0.00056355801,-4470.352,-4470.352,0.0
481,36.0,0.0,0.0,-4429.0216,0.0,-25.482214,884736.0,0.00056355801,-4429.0216,-4429.0216,0.0
482,36.0,0.0,0.0,-4491.9388,0.0,11.580275,884736.0,0.00056355801,-4491.9388,-4491.9388,0.0
483,36.0,0.0,0.0,-4452.0555,0.0,12.260035,884736.0,0.00056355801,-4452.0555,-4452.0555,0.0
484,36.0,0.0,0.0,-4469.616,0.0,-55.207462,884736.0,0.00056355801,-4469.616,-4469.616,0.0
485,36.0,0.0,0.0,-4460.3189,0.0,9.8110314,884736.0,0.00056355801,-4460.3189,-4460.3189,0.0
486,36.0,0.0,0.0,-4413.8594,0.0,-19.806717,884736.0,0.00056355801,-4413.8594,-4413.8594,0.0
487,36.0,0.0,0.0,-4461.6768,0.0,-21.015087,884736.0,0.00056355801,-4461.6768,-4461.6768,0.0
488,36.0,0.0,0.0,-4428.4749,0.0,2.0355655,884736.0,0.00056355801,-4428.4749,-4428.4749,0.0
489,36.0,0.0,0.0,-4442.9375,0.0,-16.433646,884736.0,0.00056355801,-4442.9375,-4442.9375,0.0
490,36.0,0.0,0.0,-4432.192,0.0,-29.804561,884736.0,0.00056355801,-4432.192,-4432.192,0.0
491,36.0,0.0,0.0,-4490.3742,0.0,12.162637,884736.0,0.00056355801,-4490.3742,-4490.3742,0.0
492,36.0,0.0,0.0,-4471.8203,0.0,16.4957,884736.0,0.00056355801,-4471.8203,-4471.8203,0.0
493,36.0,0.0,0.0,-4433.6827,0.0,6.3976913,884736.0,0.00056355801,-4433.6827,-4433.6827,0.0
494,36.0,0.0,0.0,-4453.4473,0.0,5.8599904,884736.0,0.00056355801,-4453.4473,-4453.4473,0.0
495,36.0,0.0,0.0,-4448.6591,0.0,-5.6677659,884736.0,0.00056355801,-4448.6591,-4448.6591,0.0
496,36.0,0.0,0.0,-4456.7099,0.0,-15.199934,884736.0,0.00056355801,-4456.7099,-4456.7099,0.0
497,36.0,0.0,0.0,-4440.2916,0.0,21.564536,884736.0,0.00056355801,-4440.2916,-4440.2916,0.0
498,36.0,0.0,0.0,-4444.6742,0.0,-29.291021,884736.0,0.00056355801,-4444.6742,-4444.6742,0.0
499,36.0,0.0,0.0,-4500.4199,0.0,1.4052022,884736.0,0.00056355801,-4500.4199,-4500.4199,0.0
500,36.0,0.0,0.0,-4444.1376,0.0,-19.647977,884736.0,0.00056355801,-4444.1376,-4444.1376,0.0
501,36.0,0.0,0.0,-4476.5085,0.0,-22.793037,884736.0,0.00056355801,-4476.5085,-4476.5085,0.0
502,36.0,0.0,0.0,-4504.2053,0.0,7.3254602,884736.0,0.00056355801,-4504.2053,-4504.2053,0.0
503,36.0,0.0,0.0,-4447.2771,0.0,-30.269468,884736.0,0.00056355801,-4447.2771,-4447.2771,0.0
504,36.0,0.0,0.0,-4453.9255,0.0,9.2530185,884736.0,0.00056355801,-4453.9255,-4453.9255,0.0
505,36.0,0.0,0.0,-4473.6145,0.0,13.66249,884736.0,0.00056355801,-4473.6145,-4473.6145,0.0
506,36.0,0.0,0.0,-4465.7764,0.0,10.018321,884736.0,0.00056355801,-4465.7764,-4465.7764,0.0
507,36.0,0.0,0.0,-4445.3621,0.0,-13.208602,884736.0,0.00056355801,-4445.3621,-4445.3621,0.0
508,36.0,0.0,0.0,-4492.5185,0.0,-1.8446977,884736.0,0.00056355801,-4492.5185,-4492.5185,0.0
509,36.0,0.0,0.0,-4467.7105,0.0,-47.7786,884736.0,0.00056355801,-4467.7105,-4467.7105,0.0
510,36.0,0.0,0.0,-4427.4947,0.0,-1.3829378,884736.0,0.00056355801,-4427.4947,-4427.4947,0.0
511,36.0,0.0,0.0,-4490.3758,0.0,3.9494201,884736.0,0.00056355801,-4490.3758,-4490.3758,0.0
512,36.0,0.0,0.0,-4424.8799,0.0,-5.660715,884736.0,0.00056355801,-4424.8799,-4424.8799,0.0
513,36.0,0.0,0.0,-4424.2291,0.0,-41.621008,884736.0,0.00056355801,-4424.2291,-4424.2291,0.0
514,36.0,0.0,0.0,-4431.6047,0.0,-28.747025,884736.0,0.00056355801,-4431.6047,-4431.6047,0.0
515,36.0,0.0,0.0,-4475.1446,0.0,13.921823,884736.0,0.00056355801,-4475.1446,-4475.1446,0.0
516,36.0,0.0,0.0,-4436.5331,0.0,-28.418353,884736.0,0.00056355801,-4436.5331,-4436.5331,0.0
517,36.0,0.0,0.0,-4436.4449,0.0,-6.1019575,884736.0,0.00056355801,-4436.4449,-4436.4449,0.0
518,36.0,0.0,0.0,-4443.0526,0.0,-30.939463,884736.0,0.00056355801,-4443.0526,-4443.0526,0.0
519,36.0,0.0,0.0,-4435.6077,0.0,11.302636,884736.0,0.00056355801,-4435.6077,-4435.6077,0.0
520,36.0,0.0,0.0,-4457.1889,0.0,2.0513994,884736.0,0.00056355801,-4457.1889,-4457.1889,0.0
521,36.0,0.0,0.0,-4491.6103,0.0,-21.470143,884736.0,0.00056355801,-4491.6103,-4491.6103,0.0
522,36.0,0.0,0.0,-4487.5758,0.0,-20.180083,884736.0,0.00056355801,-4487.5758,-4487.5758,0.0
523,36.0,0.0,0.0,-4443.5929,0.0,-34.733055,884736.0,0.00056355801,-4443.5929,-4443.5929,0.0
524,36.0,0.0,0.0,-4437.2244,0.0,-12.87216,884736.0,0.00056355801,-4437.2244,-4437.2244,0.0
525,36.0,0.0,0.0,-4461.4223,0.0,-39.760283,884736.0,0.00056355801,-4461.4223,-4461.4223,0.0
526,36.0,0.0,0.0,-4435.1033,0.0,-15.456784,884736.0,0.00056355801,-4435.1033,-4435.1033,0.0
527,36.0,0.0,0.0,-4469.3852,0.0,26.472175,884736.0,0.00056355801,-4469.3852,-4469.3852,0.0
528,36.0,0.0,0.0,-4460.5832,0.0,13.308623,884736.0,0.00056355801,-4460.5832,-4460.5832,0.0
529,36.0,0.0,0.0,-4478.4413,0.0,-48.350015,884736.0,0.00056355801,-4478.4413,-4478.4413,0.0
530,36.0,0.0,0.0,-4474.3013,0.0,-28.186184,884736.0,0.00056355801,-4474.3013,-4474.3013,0.0
531,36.0,0.0,0.0,-4469.4215,0.0,-8.364626,884736.0,0.00056355801,-4469.4215,-4469.4215,0.0
532,36.0,0.0,0.0,-4450.4646,0.0,-30.476828,884736.0,0.00056355801,-4450.4646,-4450.4646,0.0
533,36.0,0.0,0.0,-4496.7853,0.0,-15.909774,884736.0,0.00056355801,-4496.7853,-4496.7853,0.0
534,36.0,0.0,0.0,-4420.7343,0.0,-25.423845,884736.0,0.00056355801,-4420.7343,-4420.7343,0.0
535,36.0,0.0,0.0,-4461.3176,0.0,13.875845,884736.0,0.00056355801,-4461.3176,-4461.3176,0.0
536,36.0,0.0,0.0,-4459.3254,0.0,-4.5382989,884736.0,0.00056355801,-4459.3254,-4459.3254,0.0
537,36.0,0.0,0.0,-4481.7119,0.0,-5.1669846,884736.0,0.00056355801,-4481.7119,-4481.7119,0.0
538,36.0,0.0,0.0,-4469.8732,0.0,-24.575538,884736.0,0.00056355801,-4469.8732,-4469.8732,0.0
539,36.0,0.0,0.0,-4430.401,0.0,-12.075238,884736.0,0.00056355801,-4430.401,-4430.401,0.0
540,36.0,0.0,0.0,-4450.081,0.0,-18.20334,884736.0,0.00056355801,-4450.081,-4450.081,0.0
541,36.0,0.0,0.0,-4489.0372,0.0,15.459773,884736.0,0.00056355801,-4489.0372,-4489.0372,0.0
542,36.0,0.0,0.0,-4468.7171,0.0,-28.468212,884736.0,0.00056355801,-4468.7171,-4468.7171,0.0
543,36.0,0.0,0.0,-4445.645,0.0,-18.901805,884736.0,0.00056355801,-4445.645,-4445.645,0.0
544,36.0,0.0,0.0,-4441.8357,0.0,16.936101,884736.0,0.00056355801,-4441.8357,-4441.8357,0.0
545,36.0,0.0,0.0,-4439.4157,0.0,-30.38081,884736.0,0.00056355801,-4439.4157,-4439.4157,0.0
546,36.0,0.0,0.0,-4419.1807,0.0,-20.054426,884736.0,0.00056355801,-4419.1807,-4419.1807,0.0
547,36.0,0.0,0.0,-4422.8667,0.0,-14.2296,884736.0,0.00056355801,-4422.8667,-4422.8667,0.0
548,36.0,0.0,0.0,-4452.4106,0.0,-30.309526,884736.0,0.00056355801,-4452.4106,-4452.4106,0.0
549,36.0,0.0,0.0,-4449.2612,0.0,10.602009,884736.0,0.00056355801,-4449.2612,-4449.2612,0.0
550,36.0,0.0,0.0,-4496.7666,0.0,-9.1861724,884736.0,0.00056355801,-4496.7666,-4496.7666,0.0
551,36.0,0.0,0.0,-4459.1336,0.0,1.0670794,884736.0,0.00056355801,-4459.1336,-4459.1336,0.0
552,36.0,0.0,0.0,-4456.1534,0.0,21.461219,884736.0,0.00056355801,-4456.1534,-4456.1534,0.0
553,36.0,0.0,0.0,-4428.2121,0.0,-6.2335743,884736.0,0.00056355801,-4428.2121,-4428.2121,0.0
554,36.0,0.0,0.0,-4413.3462,0.0,-54.16375,884736.0,0.00056355801,-4413.3462,-4413.3462,0.0
555,36.0,0.0,0.0,-4469.7316,0.0,-32.347737,884736.0,0.00056355801,-4469.7316,-4469.7316,0.0
556,36.0,0.0,0.0,-4459.3276,0.0,-1.309453,884736.0,0.00056355801,-4459.3276,-4459.3276,0.0
557,36.0,0.0,0.0,-4432.559,0.0,-21.32137,884736.0,0.00056355801,-4432.559,-4432.559,0.0
558,36.0,0.0,0.0,-4435.8507,0.0,-4.4804787,884736.0,0.00056355801,-4435.8507,-4435.8507,0.0
559,36.0,0.0,0.0,-4487.6085,0.0,-14.945918,884736.0,0.00056355801,-4487.6085,-4487.6085,0.0
560,36.0,0.0,0.0,-4432.7382,0.0,-24.533983,884736.0,0.00056355801,-4432.7382,-4432.7382,0.0
561,36.0,0.0,0.0,-4498.4387,0.0,-30.490518,884736.0,0.00056355801,-4498.4387,-4498.4387,0.0
562,36.0,0.0,0.0,-4451.1582,0.0,1.7857901,884736.0,0.00056355801,-4451.1582,-4451.1582,0.0
563,36.0,0.0,0.0,-4514.5853,0.0,6.9423028,884736.0,0.00056355801,-4514.5853,-4514.5853,0.0
564,36.0,0.0,0.0,-4497.3288,0.0,-5.6334126,884736.0,0.00056355801,-4497.3288,-4497.3288,0.0
565,36.0,0.0,0.0,-4513.6288,0.0,-18.154827,884736.0,0.00056355801,-4513.6288,-4513.6288,0.0
566,36.0,0.0,0.0,-4492.3459,0.0,-19.689443,884736.0,0.00056355801,-4492.3459,-4492.3459,0.0
567,36.0,0.0,0.0,-4464.364,0.0,-26.830664,884736.0,0.00056355801,-4464.364,-4464.364,0.0
568,36.0,0.0,0.0,-4474.6764,0.0,-0.35735916,884736.0,0.00056355801,-4474.6764,-4474.6764,0.0
569,36.0,0.0,0.0,-4421.6791,0.0,-3.5043341,884736.0,0.00056355801,-4421.6791,-4421.6791,0.0
570,36.0,0.0,0.0,-4504.6503,0.0,-33.108298,884736.0,0.00056355801,-4504.6503,-4504.6503,0.0
571,36.0,0.0,0.0,-4451.5182,0.0,-11.542883,884736.0,0.00056355801,-4451.5182,-4451.5182,0.0
572,36.0,0.0,0.0,-4436.7623,0.0,10.485826,884736.0,0.00056355801,-4436.7623,-4436.7623,0.0
573,36.0,0.0,0.0,-4458.9702,0.0,8.0807099,884736.0,0.00056355801,-4458.9702,-4458.9702,0.0
574,36.0,0.0,0.0,-4480.0856,0.0,15.138452,884736.0,0.00056355801,-4480.0856,-4480.0856,0.0
575,36.0,0.0,0.0,-4442.565,0.0,-25.366087,884736.0,0.00056355801,-4442.565,-4442.565,0.0
576,36.0,0.0,0.0,-4479.1501,0.0,12.528653,884736.0,0.00056355801,-4479.1501,-4479.1501,0.0
577,36.0,0.0,0.0,-4474.3404,0.0,0.22357934,884736.0,0.00056355801,-4474.3404,-4474.3404,0.0
578,36.0,0.0,0.0,-4420.5195,0.0,21.536067,884736.0,0.00056355801,-4420.5195,-4420.5195,0.0
579,36.0,0.0,0.0,-4478.6624,0.0,-5.6554981,884736.0,0.00056355801,-4478.6624,-4478.6624,0.0
580,36.0,0.0,0.0,-4454.8915,0.0,1.521359,884736.0,0.00056355801,-4454.8915,-4454.8915,0.0
581,36.0,0.0,0.0,-4444.0185,0.0,-1.3593082,884736.0,0.00056355801,-4444.0185,-4444.0185,0.0
582,36.0,0.0,0.0,-4429.3008,0.0,-4.2815811,884736.0,0.00056355801,-4429.3008,-4429.3008,0.0
583,36.0,0.0,0.0,-4521.5049,0.0,-10.155579,884736.0,0.00056355801,-4521.5049,-4521.5049,0.0
584,36.0,0.0,0.0,-4451.0139,0.0,-8.6771124,884736.0,0.00056355801,-4451.0139,-4451.0139,0.0
585,36.0,0.0,0.0,-4454.9193,0.0,6.2090585,884736.0,0.00056355801,-4454.9193,-4454.9193,0.0
586,36.0,0.0,0.0,-4452.7654,0.0,19.64943,884736.0,0.00056355801,-4452.7654,-4452.7654,0.0
587,36.0,0.0,0.0,-4476.9164,0.0,-3.0283395,884736.0,0.00056355801,-4476.9164,-4476.9164,0.0
588,36.0,0.0,0.0,-4454.677,0.0,-6.0924743,884736.0,0.00056355801,-4454.677,-4454.677,0.0
589,36.0,0.0,0.0,-4468.8319,0.0,-33.541107,884736.0,0.00056355801,-4468.8319,-4468.8319,0.0
590,36.0,0.0,0.0,-4472.1239,0.0,-6.6885239,884736.0,0.00056355801,-4472.1239,-4472.1239,0.0
591,36.0,0.0,0.0,-4466.6444,0.0,-25.370542,884736.0,0.00056355801,-4466.6444,-4466.6444,0.0
592,36.0,0.0,0.0,-4452.6253,0.0,-22.216246,884736.0,0.00056355801,-4452.6253,-4452.6253,0.0
593,36.0,0.0,0.0,-4447.5005,0.0,3.556444,884736.0,0.00056355801,-4447.5005,-4447.5005,0.0
594,36.0,0.0,0.0,-4469.9342,0.0,-14.343356,884736.0,0.00056355801,-4469.9342,-4469.9342,0.0
595,36.0,0.0,0.0,-4474.1216,0.0,-21.665692,884736.0,0.00056355801,-4474.1216,-4474.1216,0.0
596,36.0,0.0,0.0,-4435.7635,0.0,-48.019095,884736.0,0.00056355801,-4435.7635,-4435.7635,0.0
597,36.0,0.0,0.0,-4508.6024,0.0,-6.45624,884736.0,0.00056355801,-4508.6024,-4508.6024,0.0
598,36.0,0.0,0.0,-4476.2848,0.0,-13.097886,884736.0,0.00056355801,-4476.2848,-4476.2848,0.0
